"V1","V2"
"0","13"
"2","3"
"4","5"
"5","6"
"8","9"
"9","11"
"11","10"
"10","17"
"12","82"
"13","14"
"14","24"
"1","15"
"15","83"
"16","88"
"17","18"
"19","29"
"21","96"
"22","23"
"22","37"
"24","23"
"26","40"
"27","28"
"27","41"
"28","100"
"29","28"
"31","32"
"33","32"
"35","36"
"36","45"
"37","38"
"37","40"
"38","46"
"42","53"
"30","43"
"43","42"
"45","42"
"46","107"
"39","47"
"47","48"
"48","49"
"49","50"
"49","108"
"53","54"
"54","60"
"55","116"
"56","59"
"57","120"
"51","58"
"60","61"
"61","126"
"62","64"
"63","64"
"64","65"
"65","68"
"66","67"
"68","67"
"70","69"
"70","133"
"3","72"
"72","73"
"76","74"
"6","76"
"7","77"
"78","149"
"80","79"
"79","150"
"82","81"
"97","81"
"82","83"
"72","83"
"75","84"
"84","151"
"87","86"
"89","86"
"88","87"
"77","88"
"18","89"
"89","99"
"91","90"
"102","90"
"20","91"
"91","92"
"94","95"
"96","95"
"103","95"
"96","97"
"25","97"
"98","99"
"100","99"
"32","102"
"102","103"
"34","103"
"44","104"
"107","109"
"109","192"
"111","110"
"120","110"
"51","111"
"108","112"
"113","195"
"52","114"
"114","126"
"116","115"
"117","199"
"104","118"
"118","119"
"105","119"
"119","201"
"120","124"
"122","121"
"130","121"
"59","122"
"123","203"
"113","124"
"125","204"
"126","127"
"129","127"
"128","208"
"115","129"
"129","209"
"66","130"
"130","132"
"131","132"
"131","215"
"133","132"
"134","219"
"136","137"
"71","138"
"138","143"
"140","139"
"139","141"
"137","140"
"150","140"
"74","142"
"142","144"
"143","222"
"147","148"
"149","148"
"149","150"
"151","154"
"152","160"
"153","232"
"85","154"
"154","163"
"155","156"
"157","156"
"92","157"
"157","159"
"158","167"
"93","159"
"161","238"
"98","162"
"162","163"
"160","164"
"163","164"
"164","183"
"101","165"
"165","166"
"167","239"
"168","190"
"169","176"
"170","236"
"171","297"
"173","172"
"173","174"
"175","174"
"176","237"
"177","243"
"178","191"
"172","180"
"180","298"
"181","182"
"183","187"
"184","197"
"185","242"
"166","187"
"187","186"
"192","188"
"243","188"
"106","189"
"189","202"
"190","191"
"193","190"
"192","191"
"112","193"
"193","194"
"182","194"
"195","194"
"197","196"
"197","198"
"186","198"
"199","200"
"199","209"
"200","212"
"201","200"
"203","204"
"204","205"
"205","252"
"206","207"
"206","253"
"207","210"
"208","207"
"210","211"
"212","213"
"211","213"
"215","214"
"216","217"
"217","218"
"219","218"
"135","220"
"220","231"
"141","221"
"221","222"
"222","223"
"224","223"
"144","224"
"224","225"
"225","226"
"226","268"
"227","273"
"229","228"
"231","228"
"145","229"
"229","230"
"230","276"
"146","231"
"232","233"
"233","280"
"155","234"
"234","235"
"235","282"
"236","290"
"236","237"
"238","237"
"239","240"
"240","292"
"242","241"
"242","245"
"243","244"
"244","306"
"198","245"
"246","311"
"202","247"
"247","248"
"248","316"
"252","251"
"264","251"
"254","255"
"255","323"
"212","256"
"256","248"
"258","257"
"259","328"
"260","263"
"263","262"
"264","263"
"214","264"
"216","265"
"265","266"
"268","267"
"267","271"
"267","279"
"271","270"
"269","272"
"273","272"
"274","341"
"276","275"
"277","344"
"280","279"
"280","290"
"288","286"
"284","287"
"287","357"
"179","288"
"288","289"
"289","358"
"290","291"
"291","360"
"282","292"
"292","293"
"293","294"
"294","296"
"294","301"
"285","295"
"295","296"
"295","299"
"296","305"
"297","298"
"297","307"
"298","299"
"241","300"
"300","311"
"301","302"
"305","304"
"306","314"
"308","374"
"311","310"
"312","310"
"322","312"
"314","315"
"315","383"
"316","323"
"318","389"
"319","320"
"321","320"
"320","331"
"249","321"
"321","322"
"250","322"
"323","325"
"258","324"
"324","328"
"324","325"
"326","327"
"326","332"
"328","327"
"329","396"
"260","330"
"330","331"
"330","333"
"331","332"
"261","333"
"334","337"
"266","335"
"335","336"
"336","397"
"337","399"
"269","338"
"339","353"
"341","340"
"275","342"
"342","346"
"344","345"
"346","345"
"345","408"
"343","347"
"278","348"
"348","360"
"281","350"
"350","351"
"352","351"
"351","412"
"338","352"
"283","354"
"354","356"
"355","417"
"357","356"
"357","359"
"358","359"
"359","420"
"360","361"
"362","361"
"349","363"
"369","367"
"302","368"
"368","367"
"303","369"
"369","382"
"372","371"
"389","373"
"374","376"
"375","447"
"375","376"
"377","376"
"309","377"
"378","448"
"378","381"
"382","381"
"313","382"
"383","380"
"383","391"
"384","452"
"385","454"
"386","385"
"317","388"
"388","387"
"388","389"
"390","458"
"391","392"
"392","461"
"396","393"
"393","394"
"394","464"
"325","395"
"395","394"
"396","387"
"397","398"
"399","398"
"399","400"
"400","401"
"401","404"
"402","405"
"402","403"
"403","410"
"407","406"
"340","407"
"407","415"
"408","400"
"408","409"
"347","409"
"409","410"
"410","411"
"412","422"
"353","414"
"414","413"
"414","415"
"411","416"
"417","416"
"417","420"
"418","427"
"420","419"
"421","419"
"362","421"
"363","422"
"422","423"
"423","433"
"413","424"
"424","425"
"425","437"
"427","430"
"421","429"
"429","430"
"429","433"
"430","444"
"364","431"
"431","446"
"433","432"
"437","432"
"435","434"
"447","434"
"365","435"
"435","436"
"437","436"
"366","438"
"426","439"
"438","439"
"439","440"
"440","450"
"428","441"
"441","445"
"370","442"
"442","443"
"444","443"
"445","443"
"446","444"
"371","446"
"448","451"
"450","449"
"379","451"
"452","466"
"454","453"
"453","467"
"454","455"
"442","455"
"449","456"
"456","457"
"456","460"
"458","459"
"458","462"
"451","459"
"459","460"
"461","462"
"461","463"
"464","463"
"464","465"
"466","465"
"466","467"
